t,dt,rx,ry,rz,vx,vy,vz,q0,q1,q2,q3,wx,wy,wz,mass,energy,h_mag
60.0,60.0,149604948.68932685,2182.779062471591,214.84624152381764,-0.0003557713447392095,36.37965103946291,3.580770691893321,1.0,0.0,0.0,0.0,0.0,0.0,0.0,100.0
6060.0,60.0,149604839.82332855,220460.63183397063,21699.465130411536,-0.03593288386146893,36.37962456637095,3.5807680862039013,1.0,0.0,0.0,0.0,0.0,0.0,0.0,100.0
12060.0,60.0,149604517.49497882,438738.170043267,43184.05305761923,-0.07150986721861567,36.37954618546473,3.580760371340132,1.0,0.0,0.0,0.0,0.0,0.0,0.0,100.0
18060.0,60.0,149603981.7054361,657015.082245135,64668.579368264094,-0.10708659353721361,36.379415897365895,3.580747547363195,1.0,0.0,0.0,0.0,0.0,0.0,0.0,100.0
24060.0,60.0,149603232.4566262,875291.0569993109,86153.01340795193,-0.1426629349418918,36.37923370310744,3.5807296143747767,1.0,0.0,0.0,0.0,0.0,0.0,0.0,100.0
30060.0,60.0,149602269.75124228,1093565.7828729672,107637.32452302019,-0.17823876356266255,36.378999604134194,3.5807065725170744,1.0,0.0,0.0,0.0,0.0,0.0,0.0,100.0
36060.0,60.0,149601093.5927447,1311838.948443176,129121.48206078101,-0.21381395153670948,36.37871360230234,3.5806784219727987,1.0,0.0,0.0,0.0,0.0,0.0,0.0,100.0
42060.0,60.0,149599703.98536095,1530110.2422993854,150605.4553697644,-0.24938837101017552,36.378375699879676,3.5806451629651574,1.0,0.0,0.0,0.0,0.0,0.0,0.0,100.0
48060.0,60.0,149598100.9340856,1748379.3530458808,172089.21379996085,-0.2849618941399504,36.37798589954537,3.58060679575786,1.0,0.0,0.0,0.0,0.0,0.0,0.0,100.0
54060.0,60.0,149596284.44468,1966645.9693042592,193572.7267030651,-0.32053439309545906,36.37754420438999,3.5805633206551097,1.0,0.0,0.0,0.0,0.0,0.0,0.0,100.0
60060.0,60.0,149594254.52367258,2184909.779715894,215055.96343271798,-0.35610574006044654,36.37705061791553,3.5805147380015905,1.0,0.0,0.0,0.0,0.0,0.0,0.0,100.0
66060.0,60.0,149592011.17835882,2403170.4729444054,236538.89334475028,-0.3916758072347664,36.37650514403517,3.5804610481824666,1.0,0.0,0.0,0.0,0.0,0.0,0.0,100.0
72060.0,60.0,149589554.41680086,2621427.7376781274,258021.48579742495,-0.4272444668361654,36.37590778707315,3.5804022516233753,1.0,0.0,0.0,0.0,0.0,0.0,0.0,100.0
78060.0,60.0,149586884.24782744,2839681.2626325693,279503.71015168057,-0.46281159110206993,36.37525855176497,3.5803383487904115,1.0,0.0,0.0,0.0,0.0,0.0,0.0,100.0
84060.0,60.0,149584000.6810339,3057930.7365528825,300985.53577137284,-0.4983770522913698,36.37455744325695,3.5802693401901196,1.0,0.0,0.0,0.0,0.0,0.0,0.0,100.0
90060.0,60.0,149580903.7267817,3276175.848216339,322466.9320235184,-0.5339407226862026,36.37380446710628,3.5801952263694825,1.0,0.0,0.0,0.0,0.0,0.0,0.0,100.0
96060.0,60.0,149577593.39619878,3494416.286434783,343947.8682785374,-0.5695024745937375,36.37299962928089,3.5801160079159096,1.0,0.0,0.0,0.0,0.0,0.0,0.0,100.0
102060.0,60.0,149574069.70117894,3712651.7400570954,365428.313910496,-0.6050621803479572,36.37214293615936,3.580031685457227,1.0,0.0,0.0,0.0,0.0,0.0,0.0,100.0
108060.0,60.0,149570332.65438214,3930881.897971656,386908.2382973478,-0.640619712311441,36.371234394530596,3.5799422596616606,1.0,0.0,0.0,0.0,0.0,0.0,0.0,100.0
114060.0,60.0,149566382.2692338,4149106.4491088185,408387.610821177,-0.6761749428771444,36.37027401159389,3.579847731237816,1.0,0.0,0.0,0.0,0.0,0.0,0.0,100.0
120060.0,60.0,149562218.55992535,4367325.082443359,429866.40086844075,-0.7117277444701768,36.36926179495867,3.5797481009346726,1.0,0.0,0.0,0.0,0.0,0.0,0.0,100.0
126060.0,60.0,149557841.54141325,4585537.486996941,451344.5778302106,-0.7472779895495851,36.36819775264435,3.5796433695415657,1.0,0.0,0.0,0.0,0.0,0.0,0.0,100.0
132060.0,60.0,149553251.2294189,4803743.351840573,472822.1111024165,-0.7828255506101283,36.36708189308009,3.579533537888162,1.0,0.0,0.0,0.0,0.0,0.0,0.0,100.0
138060.0,60.0,149548447.64042887,5021942.366097055,494298.9700860857,-0.8183703001840551,36.3659142251047,3.5794186068444422,1.0,0.0,0.0,0.0,0.0,0.0,0.0,100.0
144060.0,60.0,149543430.7916945,5240134.218943474,515775.1241875876,-0.8539121108428785,36.36469475796647,3.5792985773206936,1.0,0.0,0.0,0.0,0.0,0.0,0.0,100.0
150060.0,60.0,149538200.7012315,5458318.599613612,537250.5428188727,-0.889450855199151,36.36342350132276,3.579173450267475,1.0,0.0,0.0,0.0,0.0,0.0,0.0,100.0
156060.0,60.0,149532757.38781962,5676495.197400428,558725.1953977173,-0.9249864059082363,36.36210046524001,3.5790432266756067,1.0,0.0,0.0,0.0,0.0,0.0,0.0,100.0
162060.0,60.0,149527100.87100258,5894663.701658527,580199.0513479619,-0.9605186356700827,36.3607256601935,3.5789079075761365,1.0,0.0,0.0,0.0,0.0,0.0,0.0,100.0
168060.0,60.0,149521231.1710881,6112823.801806558,601672.0800997551,-0.9960474172309915,36.35929909706697,3.5787674940403376,1.0,0.0,0.0,0.0,0.0,0.0,0.0,100.0
174060.0,60.0,149515148.30914673,6330975.18732972,623144.2510897927,-1.0315726233853872,36.357820787152455,3.5786219871796585,1.0,0.0,0.0,0.0,0.0,0.0,0.0,100.0
180060.0,60.0,149508852.3070126,6549117.547782186,644615.5337615608,-1.0670941269775813,36.356290742150165,3.5784713881457173,1.0,0.0,0.0,0.0,0.0,0.0,0.0,100.0
186060.0,60.0,149502343.18728238,6767250.572789542,666085.8975655755,-1.102611800903543,36.35470897416791,3.578315698130278,1.0,0.0,0.0,0.0,0.0,0.0,0.0,100.0
192060.0,60.0,149495620.9733152,6985373.952051249,687555.3119596223,-1.1381255181126597,36.35307549572131,3.578154918365206,1.0,0.0,0.0,0.0,0.0,0.0,0.0,100.0
198060.0,60.0,149488685.6892323,7203487.375343087,709023.7464089997,-1.1736351516095003,36.351390319733056,3.5779890501224623,1.0,0.0,0.0,0.0,0.0,0.0,0.0,100.0
204060.0,60.0,149481537.35991716,7421590.532519593,730491.1703867574,-1.2091405744555737,36.34965345953276,3.5778180947140585,1.0,0.0,0.0,0.0,0.0,0.0,0.0,100.0
210060.0,60.0,149474176.01101393,7639683.113516501,751957.5533739381,-1.2446416597710888,36.347864928856886,3.577642053492039,1.0,0.0,0.0,0.0,0.0,0.0,0.0,100.0
216060.0,60.0,149466601.6689286,7857764.808353179,773422.8648598158,-1.2801382807367152,36.346024741848225,3.577460927848446,1.0,0.0,0.0,0.0,0.0,0.0,0.0,100.0
222060.0,60.0,149458814.36082745,8075835.307135081,794887.0743421379,-1.3156303105953329,36.34413291305559,3.577274719215287,1.0,0.0,0.0,0.0,0.0,0.0,0.0,100.0
228060.0,60.0,149450814.11463714,8293894.300056157,816350.1513273619,-1.3511176226537869,36.34218945743349,3.577083429064513,1.0,0.0,0.0,0.0,0.0,0.0,0.0,100.0
234060.0,60.0,149442600.9590445,8511941.477401314,837812.0653308976,-1.3866000902846376,36.340194390342106,3.576887058907974,1.0,0.0,0.0,0.0,0.0,0.0,0.0,100.0
240060.0,60.0,149434174.9234958,8729976.529548831,859272.7858773465,-1.4220775869279114,36.33814772754631,3.5766856102973934,1.0,0.0,0.0,0.0,0.0,0.0,0.0,100.0
246060.0,60.0,149425536.0381965,8947999.146972775,880732.2825007384,-1.457549986092848,36.33604948521605,3.5764790848243297,1.0,0.0,0.0,0.0,0.0,0.0,0.0,100.0
252060.0,60.0,149416684.33411044,9166009.020245474,902190.524744773,-1.4930171613596408,36.33389967992548,3.5762674841201503,1.0,0.0,0.0,0.0,0.0,0.0,0.0,100.0
258060.0,60.0,149407619.8429605,9384005.840039896,923647.4821630579,-1.5284789863811843,36.331698328652834,3.5760508098559844,1.0,0.0,0.0,0.0,0.0,0.0,0.0,100.0
264060.0,60.0,149398342.5972269,9601989.297132082,945103.1243193442,-1.5639353348848095,36.329445448779964,3.5758290637426873,1.0,0.0,0.0,0.0,0.0,0.0,0.0,100.0
270060.0,60.0,149388852.6301473,9819959.082403596,966557.4207877709,-1.5993860806740257,36.327141058091996,3.5756022475308122,1.0,0.0,0.0,0.0,0.0,0.0,0.0,100.0
276060.0,60.0,149379149.97571632,10037914.886843903,988010.3411530955,-1.6348310976302542,36.32478517477691,3.575370363010564,1.0,0.0,0.0,0.0,0.0,0.0,0.0,100.0
282060.0,60.0,149369234.6686855,10255856.401552826,1009461.8550109386,-1.6702702597145602,36.32237781742521,3.5751334120117626,1.0,0.0,0.0,0.0,0.0,0.0,0.0,100.0
288060.0,60.0,149359106.7445615,10473783.317742903,1030911.9319680162,-1.7057034409693848,36.31991900502944,3.5748913964038027,1.0,0.0,0.0,0.0,0.0,0.0,0.0,100.0
294060.0,60.0,149348766.23960724,10691695.326741857,1052360.541642381,-1.74113051552027,36.31740875698372,3.5746443180956073,1.0,0.0,0.0,0.0,0.0,0.0,0.0,100.0
300060.0,60.0,149338213.1908403,10909592.11999498,1073807.6536636567,-1.7765513575775909,36.31484709308348,3.574392179035601,1.0,0.0,0.0,0.0,0.0,0.0,0.0,100.0
306060.0,60.0,149327447.6360328,11127473.389067521,1095253.237673278,-1.8119658414382682,36.312234033524945,3.574134981211651,1.0,0.0,0.0,0.0,0.0,0.0,0.0,100.0
312060.0,60.0,149316469.61371058,11345338.825647127,1116697.2633247213,-1.8473738414874967,36.30956959890461,3.573872726651028,1.0,0.0,0.0,0.0,0.0,0.0,0.0,100.0
318060.0,60.0,149305279.16315347,11563188.121546218,1138139.7002837472,-1.8827752322004563,36.30685381021892,3.573605417420369,1.0,0.0,0.0,0.0,0.0,0.0,0.0,100.0
324060.0,60.0,149293876.3243938,11781020.968704388,1159580.5182286352,-1.9181698881440319,36.3040866888638,3.5733330556256218,1.0,0.0,0.0,0.0,0.0,0.0,0.0,100.0
330060.0,60.0,149282261.13821617,11998837.05919081,1181019.6868504165,-1.9535576839785174,36.30126825663406,3.5730556434120078,1.0,0.0,0.0,0.0,0.0,0.0,0.0,100.0
336060.0,60.0,149270433.64615676,12216636.0852066,1202457.17585311,-1.9889384944593331,36.29839853572302,3.572773182963969,1.0,0.0,0.0,0.0,0.0,0.0,0.0,100.0
342060.0,60.0,149258393.89050353,12434417.73908727,1223892.9549539604,-2.0243121944387212,36.295477548722076,3.5724856765051234,1.0,0.0,0.0,0.0,0.0,0.0,0.0,100.0
348060.0,60.0,149246141.91429457,12652181.713305043,1245326.9938836738,-2.0596786588674587,36.292505318620044,3.5721931262982114,1.0,0.0,0.0,0.0,0.0,0.0,0.0,100.0
354060.0,60.0,149233677.76131815,12869927.700471252,1266759.2623866457,-2.0950377627965473,36.28948186880281,3.571895534645059,1.0,0.0,0.0,0.0,0.0,0.0,0.0,100.0
360060.0,60.0,149221001.4761119,13087655.393338775,1288189.730221202,-2.130389381378916,36.286407223052755,3.571592903886514,1.0,0.0,0.0,0.0,0.0,0.0,0.0,100.0
366060.0,60.0,149208113.10396197,13305364.484804338,1309618.3671598304,-2.165733389871112,36.283281405548266,3.5712852364023977,1.0,0.0,0.0,0.0,0.0,0.0,0.0,100.0
372060.0,60.0,149195012.690903,13523054.667910958,1331045.142989415,-2.2010696636349896,36.28010444086312,3.570972534611456,1.0,0.0,0.0,0.0,0.0,0.0,0.0,100.0
378060.0,60.0,149181700.28371698,13740725.635850249,1352470.0275114663,-2.2363980781394006,36.276876353965996,3.5706548009713117,1.0,0.0,0.0,0.0,0.0,0.0,0.0,100.0
384060.0,60.0,149168175.92993277,13958377.08196483,1373892.990542362,-2.271718508961865,36.27359717022009,3.5703320379783983,1.0,0.0,0.0,0.0,0.0,0.0,0.0,100.0
390060.0,60.0,149154439.6778254,14176008.699750688,1395314.0019135706,-2.3070308317902706,36.27026691538227,3.5700042481679155,1.0,0.0,0.0,0.0,0.0,0.0,0.0,100.0
396060.0,60.0,149140491.57641545,14393620.182859514,1416733.0314718885,-2.342334922424535,36.26688561560282,3.569671434113769,1.0,0.0,0.0,0.0,0.0,0.0,0.0,100.0
402060.0,60.0,149126331.67546853,14611211.225101106,1438150.049079672,-2.37763065677828,36.263453297424604,3.5693335984285195,1.0,0.0,0.0,0.0,0.0,0.0,0.0,100.0
408060.0,60.0,149111960.02549452,14828781.520445656,1459565.0246150675,-2.4129179108805086,36.25996998778248,3.5689907437633157,1.0,0.0,0.0,0.0,0.0,0.0,0.0,100.0
414060.0,60.0,149097376.6777463,15046330.763026185,1480977.927972247,-2.4481965608772644,36.256435714003054,3.568642872807853,1.0,0.0,0.0,0.0,0.0,0.0,0.0,100.0
420060.0,60.0,149082581.68421954,15263858.647140827,1502388.7290616336,-2.483466483033285,36.252850503803806,3.5682899882903003,1.0,0.0,0.0,0.0,0.0,0.0,0.0,100.0
426060.0,60.0,149067575.0976527,15481364.867255189,1523797.397810136,-2.518727553733678,36.2492143852925,3.5679320929772516,1.0,0.0,0.0,0.0,0.0,0.0,0.0,100.0
432060.0,60.0,149052356.9715247,15698849.118004685,1545203.904161377,-2.553979649485571,36.24552738696665,3.5675691896736477,1.0,0.0,0.0,0.0,0.0,0.0,0.0,100.0
438060.0,60.0,149036927.36005542,15916311.094196904,1566608.2180759236,-2.5892226469197483,36.241789537712926,3.567201281222742,1.0,0.0,0.0,0.0,0.0,0.0,0.0,100.0
444060.0,60.0,149021286.31820488,16133750.490813907,1588010.309531516,-2.6244564227923184,36.23800086680638,3.5668283705060175,1.0,0.0,0.0,0.0,0.0,0.0,0.0,100.0
450060.0,60.0,149005433.90167135,16351167.003014568,1609410.1485233004,-2.659680853986342,36.23416140391,3.5664504604431326,1.0,0.0,0.0,0.0,0.0,0.0,0.0,100.0
456060.0,60.0,148989370.16689205,16568560.326136924,1630807.7050640553,-2.6948958175134825,36.23027117907387,3.566067553991859,1.0,0.0,0.0,0.0,0.0,0.0,0.0,100.0
462060.0,60.0,148973095.17104203,16785930.155700434,1652202.949184416,-2.7301011905156227,36.22633022273474,3.5656796541480147,1.0,0.0,0.0,0.0,0.0,0.0,0.0,100.0
468060.0,60.0,148956608.9720325,17003276.187408354,1673595.8509331108,-2.7652968502665183,36.2223385657151,3.5652867639454,1.0,0.0,0.0,0.0,0.0,0.0,0.0,100.0
474060.0,60.0,148939911.6285107,17220598.117150035,1694986.3803771834,-2.8004826741734132,36.21829623922284,3.564888886455731,1.0,0.0,0.0,0.0,0.0,0.0,0.0,100.0
480060.0,60.0,148923003.1998592,17437895.64100323,1716374.5076022213,-2.8356585397786613,36.21420327485027,3.5644860247885743,1.0,0.0,0.0,0.0,0.0,0.0,0.0,100.0
486060.0,60.0,148905883.7461947,17655168.455236398,1737760.2027125834,-2.8708243247613536,36.21005970457359,3.5640781820912806,1.0,0.0,0.0,0.0,0.0,0.0,0.0,100.0
492060.0,60.0,148888553.32836753,17872416.256311003,1759143.4358316245,-2.9059799069389216,36.205865560752244,3.5636653615489164,1.0,0.0,0.0,0.0,0.0,0.0,0.0,100.0
498060.0,60.0,148871012.00796115,18089638.740883775,1780524.1771019234,-2.9411251642687555,36.20162087612804,3.5632475663841903,1.0,0.0,0.0,0.0,0.0,0.0,0.0,100.0
504060.0,60.0,148853259.84729004,18306835.605809122,1801902.3966855067,-2.976259974849808,36.19732568382463,3.562824799857393,1.0,0.0,0.0,0.0,0.0,0.0,0.0,100.0
510060.0,60.0,148835296.90939996,18524006.54814129,1823278.0647640792,-3.0113842169241978,36.19298001734676,3.5623970652663184,1.0,0.0,0.0,0.0,0.0,0.0,0.0,100.0
516060.0,60.0,148817123.25806707,18741151.265136674,1844651.1515392421,-3.046497768878802,36.18858391057941,3.5619643659461984,1.0,0.0,0.0,0.0,0.0,0.0,0.0,100.0
522060.0,60.0,148798738.9577965,18958269.454256143,1866021.6272327185,-3.0816005092468517,36.18413739778722,3.5615267052696233,1.0,0.0,0.0,0.0,0.0,0.0,0.0,100.0
528060.0,60.0,148780144.07382178,19175360.813167322,1887389.4620865805,-3.1166923167095186,36.17964051361372,3.561084086646482,1.0,0.0,0.0,0.0,0.0,0.0,0.0,100.0
534060.0,60.0,148761338.6721039,19392425.039746765,1908754.6263634735,-3.1517730700975046,36.175093293080444,3.560636513523874,1.0,0.0,0.0,0.0,0.0,0.0,0.0,100.0
540060.0,60.0,148742322.81933075,19609461.83208234,1930117.0903468342,-3.1868426483926147,36.17049577158642,3.5601839893860463,1.0,0.0,0.0,0.0,0.0,0.0,0.0,100.0
546060.0,60.0,148723096.5829152,19826470.888475433,1951476.824341116,-3.221900930729331,36.16584798490726,3.5597265177543154,1.0,0.0,0.0,0.0,0.0,0.0,0.0,100.0
552060.0,60.0,148703660.03099522,20043451.907443143,1972833.798672012,-3.2569477963963847,36.161149969194426,3.559264102186985,1.0,0.0,0.0,0.0,0.0,0.0,0.0,100.0
558060.0,60.0,148684013.23243278,20260404.58772071,1994187.983686677,-3.291983124838328,36.15640176097437,3.5587967462792847,1.0,0.0,0.0,0.0,0.0,0.0,0.0,100.0
564060.0,60.0,148664156.25681245,20477328.628263596,2015539.3497539444,-3.3270067956570775,36.15160339714793,3.5583244536632774,1.0,0.0,0.0,0.0,0.0,0.0,0.0,100.0
570060.0,60.0,148644089.17444068,20694223.728249785,2036887.8672645541,-3.3620186886134884,36.14675491498933,3.5578472280077884,1.0,0.0,0.0,0.0,0.0,0.0,0.0,100.0
576060.0,60.0,148623812.05634508,20911089.587082054,2058233.506631367,-3.3970186836288865,36.14185635214551,3.557365073018331,1.0,0.0,0.0,0.0,0.0,0.0,0.0,100.0
582060.0,60.0,148603324.974273,21127925.904390156,2079576.238289587,-3.432006660786633,36.13690774663537,3.556877992437013,1.0,0.0,0.0,0.0,0.0,0.0,0.0,100.0
588060.0,60.0,148582628.00069082,21344732.380033083,2100916.032696983,-3.466982500333654,36.13190913684884,3.5563859900424744,1.0,0.0,0.0,0.0,0.0,0.0,0.0,100.0
594060.0,60.0,148561721.20878327,21561508.714101274,2122252.860334094,-3.50194608268197,36.12686056154607,3.5558890696497962,1.0,0.0,0.0,0.0,0.0,0.0,0.0,100.0
600060.0,60.0,148540604.67245176,21778254.606918838,2143586.6917044776,-3.5368972884102416,36.121762059856636,3.5553872351104183,1.0,0.0,0.0,0.0,0.0,0.0,0.0,100.0
606060.0,60.0,148519278.46631414,21994969.759045754,2164917.497334897,-3.571835998265291,36.116613671278756,3.554880490312067,1.0,0.0,0.0,0.0,0.0,0.0,0.0,100.0
612060.0,60.0,148497742.66570276,22211653.871280093,2186245.2477755505,-3.6067620931636126,36.111415435678346,3.554368839178658,1.0,0.0,0.0,0.0,0.0,0.0,0.0,100.0
618060.0,60.0,148475997.34666404,22428306.644660268,2207569.91360029,-3.641675454192902,36.106167393288274,3.5538522856702217,1.0,0.0,0.0,0.0,0.0,0.0,0.0,100.0
624060.0,60.0,148454042.58595768,22644927.780467164,2228891.465406833,-3.6765759626135517,36.10086958470747,3.553330833782822,1.0,0.0,0.0,0.0,0.0,0.0,0.0,100.0
630060.0,60.0,148431878.46105516,22861516.9802263,2250209.8738169884,-3.7114634998601734,36.09552205089994,3.5528044875484595,1.0,0.0,0.0,0.0,0.0,0.0,0.0,100.0
636060.0,60.0,148409505.05013853,23078073.945710167,2271525.109476857,-3.746337947543082,36.09012483319404,3.5522732510349995,1.0,0.0,0.0,0.0,0.0,0.0,0.0,100.0
642060.0,60.0,148386922.43210018,23294598.378940217,2292837.1430570544,-3.7811991874497957,36.084677973281565,3.5517371283460712,1.0,0.0,0.0,0.0,0.0,0.0,0.0,100.0
648060.0,60.0,148364130.68654087,23511089.982189205,2314145.9452529317,-3.8160471015465323,36.07918151321686,3.551196123620997,1.0,0.0,0.0,0.0,0.0,0.0,0.0,100.0
654060.0,60.0,148341129.8937689,23727548.457983304,2335451.4867847795,-3.8508815719796763,36.07363549541588,3.5506502410346883,1.0,0.0,0.0,0.0,0.0,0.0,0.0,100.0
660060.0,60.0,148317920.13479954,23943973.509104256,2356753.738398042,-3.885702481077273,36.06803996265544,3.5500994847975695,1.0,0.0,0.0,0.0,0.0,0.0,0.0,100.0
666060.0,60.0,148294501.4913537,24160364.83859154,2378052.6708635353,-3.9205097113504888,36.06239495807203,3.549543859155478,1.0,0.0,0.0,0.0,0.0,0.0,0.0,100.0
672060.0,60.0,148270874.04585582,24376722.149744462,2399348.2549776556,-3.9553031454950913,36.05670052516122,3.548983368389587,1.0,0.0,0.0,0.0,0.0,0.0,0.0,100.0
678060.0,60.0,148247037.88143423,24593045.14612451,2420640.461562593,-3.9900826663928957,36.05095670777652,3.548418016816307,1.0,0.0,0.0,0.0,0.0,0.0,0.0,100.0
684060.0,60.0,148222993.0819194,24809333.531557247,2441929.2614665376,-4.024848157113237,36.04516355012862,3.547847808787189,1.0,0.0,0.0,0.0,0.0,0.0,0.0,100.0
690060.0,60.0,148198739.73184276,25025587.01013464,2463214.625563899,-4.059599500914405,36.03932109678422,3.547272748688847,1.0,0.0,0.0,0.0,0.0,0.0,0.0,100.0
696060.0,60.0,148174277.91643554,25241805.28621709,2484496.524755507,-4.094336581245098,36.03342939266533,3.5466928409428533,1.0,0.0,0.0,0.0,0.0,0.0,0.0,100.0
702060.0,60.0,148149607.72162768,25457988.06443561,2505774.9299688246,-4.129059281745863,36.02748848304816,3.546108090005652,1.0,0.0,0.0,0.0,0.0,0.0,0.0,100.0
708060.0,60.0,148124729.23404673,25674135.04969389,2527049.812158167,-4.163767486250512,36.021498413562306,3.5455185003684635,1.0,0.0,0.0,0.0,0.0,0.0,0.0,100.0
714060.0,60.0,148099642.54101658,25890245.947170537,2548321.142304893,-4.198461078787582,36.01545923018967,3.5449240765571868,1.0,0.0,0.0,0.0,0.0,0.0,0.0,100.0
720060.0,60.0,148074347.73055667,26106320.462321043,2569588.891417621,-4.233139943581724,36.0093709792635,3.5443248231323126,1.0,0.0,0.0,0.0,0.0,0.0,0.0,100.0
726060.0,60.0,148048844.8913802,26322358.30087995,2590853.0305324406,-4.2678039650551405,36.00323370746755,3.5437207446888093,1.0,0.0,0.0,0.0,0.0,0.0,0.0,100.0
732060.0,60.0,148023134.11289343,26538359.16886295,2612113.530713106,-4.302453027828974,35.997047461834974,3.543111845856051,1.0,0.0,0.0,0.0,0.0,0.0,0.0,100.0
738060.0,60.0,147997215.4851941,26754322.772569034,2633370.363051258,-4.33708701672473,35.9908122897473,3.5424981312977057,1.0,0.0,0.0,0.0,0.0,0.0,0.0,100.0
744060.0,60.0,147971089.09907037,26970248.818582453,2654623.498666622,-4.371705816765674,35.98452823893356,3.541879605711639,1.0,0.0,0.0,0.0,0.0,0.0,0.0,100.0
750060.0,60.0,147944755.046,27186137.013774905,2675872.908707207,-4.4063093131782,35.978195357469275,3.5412562738298163,1.0,0.0,0.0,0.0,0.0,0.0,0.0,100.0
756060.0,60.0,147918213.41814852,27401987.065307587,2697118.5643495186,-4.440897391393257,35.97181369377533,3.540628140418205,1.0,0.0,0.0,0.0,0.0,0.0,0.0,100.0
762060.0,60.0,147891464.30836833,27617798.68063326,2718360.436798764,-4.475469937047684,35.96538329661715,3.539995210276674,1.0,0.0,0.0,0.0,0.0,0.0,0.0,100.0
768060.0,60.0,147864507.81019753,27833571.567498256,2739598.497289046,-4.510026835985622,35.95890421510348,3.5393574882388963,1.0,0.0,0.0,0.0,0.0,0.0,0.0,100.0
774060.0,60.0,147837344.0178581,28049305.433944665,2760832.7170835743,-4.544567974259854,35.952376498685496,3.538714979172243,1.0,0.0,0.0,0.0,0.0,0.0,0.0,100.0
780060.0,60.0,147809973.02625525,28264999.988312244,2782063.0674748574,-4.579093238133181,35.94580019715572,3.5380676879776862,1.0,0.0,0.0,0.0,0.0,0.0,0.0,100.0
786060.0,60.0,147782394.9309764,28480654.939240575,2803289.5197849167,-4.613602514079764,35.93917536064696,3.537415619589693,1.0,0.0,0.0,0.0,0.0,0.0,0.0,100.0
792060.0,60.0,147754609.82828888,28696269.995670978,2824512.0453654793,-4.648095688786495,35.93250203963141,3.5367587789761257,1.0,0.0,0.0,0.0,0.0,0.0,0.0,100.0
798060.0,60.0,147726617.81513953,28911844.86684872,2845730.61559818,-4.682572649154311,35.92578028491936,3.5360971711381395,1.0,0.0,0.0,0.0,0.0,0.0,0.0,100.0
804060.0,60.0,147698418.98915327,29127379.262324877,2866945.201894756,-4.717033282299562,35.91901014765843,3.535430801110079,1.0,0.0,0.0,0.0,0.0,0.0,0.0,100.0
810060.0,60.0,147670013.4486317,29342872.891958453,2888155.775697251,-4.751477475555319,35.91219167933225,3.5347596739593654,1.0,0.0,0.0,0.0,0.0,0.0,0.0,100.0
816060.0,60.0,147641401.2925514,29558325.46591835,2909362.3084782204,-4.785905116472691,35.9053249317595,3.5340837947864037,1.0,0.0,0.0,0.0,0.0,0.0,0.0,100.0
822060.0,60.0,147612582.62056324,29773736.694685366,2930564.7717409083,-4.820316092822164,35.89840995709284,3.5334031687244694,1.0,0.0,0.0,0.0,0.0,0.0,0.0,100.0
828060.0,60.0,147583557.53299075,29989106.28905423,2951763.137019464,-4.854710292594897,35.89144680781787,3.532717800939603,1.0,0.0,0.0,0.0,0.0,0.0,0.0,100.0
834060.0,60.0,147554326.130829,30204433.960135564,2972957.375879131,-4.88908760400403,35.88443553675194,3.5320276966305078,1.0,0.0,0.0,0.0,0.0,0.0,0.0,100.0
840060.0,60.0,147524888.51574266,30419719.41935793,2994147.45991644,-4.923447915485983,35.877376197043176,3.5313328610284325,1.0,0.0,0.0,0.0,0.0,0.0,0.0,100.0
846060.0,60.0,147495244.79006556,30634962.378469717,3015333.3607594115,-4.957791115701749,35.87026884216929,3.5306332993970786,1.0,0.0,0.0,0.0,0.0,0.0,0.0,100.0
852060.0,60.0,147465395.0567989,30850162.5495412,3036515.0500677386,-4.992117093538173,35.86311352593651,3.5299290170324773,1.0,0.0,0.0,0.0,0.0,0.0,0.0,100.0
858060.0,60.0,147435339.4196097,31065319.644966457,3057692.4995329897,-5.026425738109232,35.85591030247853,3.5292200192628878,1.0,0.0,0.0,0.0,0.0,0.0,0.0,100.0
